player,transfer_from
Chase Forte,South Dakota
Aidan Shaw,Missouri
Boden Kapke,Butler
Jason Asemota,Baylor
Marko Radunovic,International
John Camden,Delaware
Milos Ilic,Loyola Maryland
Chris Bell,Syracuse
Nolan Dorsey,Campbell
Dai Dai Ames,Virginia
Sammie Yeanay,Grand Canyon
Mantas Kocanas,Florida Atlantic
Justin Pippen,Michigan
Nick Davidson,Nevada
Jestin Porter,Middle Tennessee
Carter Welling,Utah Valley
RJ Godfrey,Georgia
Efrem Johnson,UAB
Jake Wahlin,Utah
Ifeanyi Ufochukwu,Rice
Jack Scott,Princeton
Dame Sarr,International
Martin Somerville,UMass Lowell
Robert McCray,Jacksonville
Lajae Jones,St Bonaventure
Kobe MaGee,Drexel
Chauncey Wiggins,Clemson
Alex Steen,Florida Southern
Shahid Muhammad,UMass
Egor Ryzhov,International
Kam Craft,Miami (OH)
Lamar Washington,Pacific
Chas Kelley,Boston College
Peyton Marshall,Missouri
Davi Remagen,International
Ryan Conwell,Xavier
Adrian Wooley,Kennesaw State
Isaac McKneely,Virginia
Sananda Fru,International
Mouhamed Camara,International
Vangelis Zougris,International
Malik Reneau,Indiana
Tre Donaldson,Michigan
Tru Washington,New Mexico
Ernest Udeh,TCU
Marcus Allen,Missouri
Jordyn Kee,Georgia
Timotej Malovec,International
Salih Altuntas,International
Noam Dovrat,International
Darrion Williams,Texas Tech
Tre Holloman,Michigan State
Ven-Allen Lubin,Noroth Carolina
Terrance Arceneaux,Houston
Jerry Deng,Florida State
Quadir Copeland,McNeese
Alyn Breed,McNeese
Colt Langdon,Butler
Scottie Ebube,Wyoming
Jayme Kontuniemi,International
Musa Sagnia,International
Henri Veesaar,Arizona
Kyan Evans,Colorado State
Jarin Stevenson,Alabama
Jonathan Powell,West Virginia
Jaydon Young,Virginia Tech
Ivan Matlekovic,High Point
Luka Bogavac,International
Carson Towt,Northern Arizona
Matthew MacLellan,Madonna
Dishon Jackson,Iowa State
Barry Dunning,South Alabama
Damarco Minor,Oregon State
Nojus Indrusaitis,Iowa State
Henry Lau,International
Roman Siulepa,International
Jaron Pierre,Jacksonville State
Corey Washington,Wichita State
Sam Walters,Michigan
AJ Rohosy,Claremont-Mudd-Scripps
Jeremy Dent-Smith,Cal State Dominguez Hills
Kristers Skrinda,International
Oskar Giltay,International
Naithan George,Georgia Tech
Nate Kingz,Oregon State
Bryce Zephir,Montana State
Tyler Betsey,Cincinatti
William Kyle,UCLA
Ibrahim Souare,Georgia Tech
Malik Thomas,San Francisco
Jacari White,North Dakota State
Sam Lewis,Toledo
Devin Tillis,UC Irvine
Dallin Hall,BYU
Ugonna Onyenso,Kansas State
Martin Carrere,VCU
Johann Gr√ºnloh,International
Thijs De Ridder,International
Izaiah Pasha,Delaware
Jailen Bedford,UNLV
Amani Hansberry,West Virginia
Antonio Dorn,International
Neoklis Avdalas,International
Cooper Schwieger,Valparaiso
Nate Calmese,Washington State
Sebastian Akins,Denver
Mekhi Mason,Washington
Myles Colvin,Purdue
