team,player
North Carolina,Luka Bogavac
North Carolina,Kyan Evans
North Carolina,Seth Trimble
North Carolina,Henri Veesaar
North Carolina,Caleb Wilson
North Carolina,Jarin Stevenson
North Carolina,Derek Dixon 
North Carolina,Jaydon Young
Boston College,Donald Hand
Boston College,Jayden Hastings
Boston College,Fred Payne
Boston College,Aidan Shaw
Boston College,Luka Toews
Boston College,Boden Kapke
California,Dai Dai Ames
California,Chris Bell
California,John Camden
California,Lee Dort
California,Justin Pippen
Clemson,RJ Godfrey
Clemson,Dillon Hunter
Clemson,Jestin Porter
Clemson,Jake Wahlin
Clemson,Carter Welling
Florida State,Lajae Jones
Florida State,Robert McCray
Florida State,Martin Somerville
Florida State,Alex Steen
Florida State,Chauncey Wiggins
Florida State,Alier Maluk
Florida State,Kobe MaGee
Florida State,Thomas Bassong
Georgia Tech,Akai Fleming
Georgia Tech,Baye Ndongo
Georgia Tech,Kowacie Reeves
Georgia Tech,Mouhamed Sylla
Georgia Tech,Lamar Washington
Georgia Tech,Peyton Marshall
Georgia Tech,Jaeden Mustaf
Louisville,Ryan Conwell
Louisville,Sananda Fru
Louisville,J'Vonne Hadley
Louisville,Isaac McKneely
Louisville,Adrian Wooley
Louisville,Kobe Rodgers
Miami (FL),Tre Donaldson
Miami (FL),Shelton Henderson
Miami (FL),Malik Reneau
Miami (FL),Ernest Udeh
Miami (FL),Tru Washington
NC State,Alyn Breed
NC State,Quadir Copeland
NC State,Ven-Allen Lubin
NC State,Paul McNeil
NC State,Darrion Williams
NC State,Tre Holloman
Notre Dame,Jalen Haralson
Notre Dame,Logan Imes
Notre Dame,Braeden Shrewsberry
Notre Dame,Garrett Sundra
Notre Dame,Carson Towt
Notre Dame,Sir Mohammed
Notre Dame,Cole Certa
Notre Dame,Brady Koehler
Pittsburgh,Cameron Corhen
Pittsburgh,Barry Dunning
Pittsburgh,Nojus Indrusaitis
Pittsburgh,Demarco Minor
Pittsburgh,Roman Siulepa
Pittsburgh,Omari Witherspoon
SMU,B.J. Edwards
SMU,Kevin Miller
SMU,Jaron Pierre
SMU,Corey Washington
SMU,Samet Yigitoglu
SMU,Jaden Toombs
Stanford,Ryan Agarwal
Stanford,Benny Gealer
Stanford,Oskar Giltay
Stanford,Ebuka Okorie
Stanford,Chisom Okpara
Stanford,AJ Rohosy
Stanford,Donavin Young
Syracuse,Naithan George
Syracuse,Nate Kingz
Syracuse,William Kyle
Syracuse,JJ Starling
Syracuse,Sadiq White
Syracuse,Donnie Freeman
Virginia,Thijs De Ridder
Virginia,Johann Gr√ºnloh
Virginia,Dallin Hall
Virginia,Malik Thomas
Virginia,Devin Tillis
Virginia,Sam Lewis
Virginia Tech,Neoklis Avdalas
Virginia Tech,Jailen Bedford
Virginia Tech,Christian Gurdak
Virginia Tech,Amani Hansberry
Virginia Tech,Jaden Schutt
Virginia Tech,Ben Hammond
Wake Forest,Omaha Biliew
Wake Forest,Nate Calmese
Wake Forest,Myles Colvin
Wake Forest,Juke Harris
Wake Forest,Tre'Von Spillers
Wake Forest,Cooper Schwieger
Duke,Cameron Boozer
Duke,Cayden Boozer
Duke,Isaiah Evans
Duke,Caleb Foster
Duke,Patrick Ngongba
Duke,Maliq Brown
Duke,Dame Sarr